{
"iteration": 0,"routes": [[10,8,16,4,17,9,20,5,14,2,12,11,3,6,18,19,7,13,15,21],[],[],[],[]],"cost": 286,
"time": 0.129851
}{
"iteration": 500,"routes": [[10,8,16,4,17,9,20,5,14,2,12,11,3,6,18,19,7,13,15,21],[],[],[],[]],"cost": 286,
"time": 0.802629
}{
"iteration": 1000,"routes": [[10,8,16,4,17,9,20,5,14,2,12,11,3,6,18,19,7,13,15,21],[],[],[],[]],"cost": 286,
"time": 1.52359
}{
"iteration": 1500,"routes": [[10,8,16,4,17,9,20,5,14,2,12,11,3,6,18,19,7,13,15,21],[],[],[],[]],"cost": 286,
"time": 2.03171
}{
"iteration": 2000,"routes": [[10,8,16,4,17,9,20,5,14,2,12,11,3,6,18,19,7,13,15,21],[],[],[],[]],"cost": 286,
"time": 2.43778
}{
"iteration": 2500,"routes": [[10,8,16,4,17,9,20,5,14,2,12,11,3,6,18,19,7,13,15,21],[],[],[],[]],"cost": 286,
"time": 2.84941
}{
"iteration": 3000,"routes": [[10,8,16,4,17,9,20,5,14,2,12,11,3,6,18,19,7,13,15,21],[],[],[],[]],"cost": 286,
"time": 3.25509
}{
"iteration": 3500,"routes": [[10,8,16,4,17,9,20,5,14,2,12,11,3,6,18,19,7,13,15,21],[],[],[],[]],"cost": 286,
"time": 3.659
}{
"iteration": 4000,"routes": [[10,8,16,4,17,9,20,5,14,2,12,11,3,6,18,19,7,13,15,21],[],[],[],[]],"cost": 286,
"time": 4.06094
}{
"iteration": 4500,"routes": [[10,8,16,4,17,9,20,5,14,2,12,11,3,6,18,19,7,13,15,21],[],[],[],[]],"cost": 286,
"time": 4.44646
}{
"iteration": 5000,"routes": [[10,8,16,4,17,9,20,5,14,2,12,11,3,6,18,19,7,13,15,21],[],[],[],[]],"cost": 286,
"time": 4.82196
}{
"iteration": 5500,"routes": [[10,8,16,4,17,9,20,5,14,2,12,11,3,6,18,19,7,13,15,21],[],[],[],[]],"cost": 286,
"time": 5.32478
}{
"iteration": 6000,"routes": [[10,8,16,4,17,9,20,5,14,2,12,11,3,6,18,19,7,13,15,21],[],[],[],[]],"cost": 286,
"time": 5.69278
}{
"iteration": 6500,"routes": [[10,8,16,4,17,9,20,5,14,2,12,11,3,6,18,19,7,13,15,21],[],[],[],[]],"cost": 286,
"time": 6.06177
}{
"iteration": 7000,"routes": [[10,8,16,4,17,9,20,5,14,2,12,11,3,6,18,19,7,13,15,21],[],[],[],[]],"cost": 286,
"time": 6.42598
}{
"iteration": 7500,"routes": [[10,8,16,4,17,9,20,5,14,2,12,11,3,6,18,19,7,13,15,21],[],[],[],[]],"cost": 286,
"time": 6.80082
}{
"iteration": 8000,"routes": [[10,8,16,4,17,9,20,5,14,2,12,11,3,6,18,19,7,13,15,21],[],[],[],[]],"cost": 286,
"time": 7.28961
}{
"iteration": 8500,"routes": [[10,8,16,4,17,9,20,5,14,2,12,11,3,6,18,19,7,13,15,21],[],[],[],[]],"cost": 286,
"time": 7.65324
}{
"iteration": 9000,"routes": [[10,8,16,4,17,9,20,5,14,2,12,11,3,6,18,19,7,13,15,21],[],[],[],[]],"cost": 286,
"time": 8.0367
}{
"iteration": 9500,"routes": [[10,8,16,4,17,9,20,5,14,2,12,11,3,6,18,19,7,13,15,21],[],[],[],[]],"cost": 286,
"time": 8.40488
}{
"iteration": 10000,"routes": [[10,8,16,4,17,9,20,5,14,2,12,11,3,6,18,19,7,13,15,21],[],[],[],[]],"cost": 286,
"time": 8.79727
}{
"iteration": 10500,"routes": [[10,8,16,4,17,9,20,5,14,2,12,11,3,6,18,19,7,13,15,21],[],[],[],[]],"cost": 286,
"time": 9.17298
}{
"iteration": 11000,"routes": [[10,8,16,4,17,9,20,5,14,2,12,11,3,6,18,19,7,13,15,21],[],[],[],[]],"cost": 286,
"time": 9.52703
}{
"iteration": 11500,"routes": [[10,8,16,4,17,9,20,5,14,2,12,11,3,6,18,19,7,13,15,21],[],[],[],[]],"cost": 286,
"time": 9.88557
}{
"iteration": 12000,"routes": [[10,8,16,4,17,9,20,5,14,2,12,11,3,6,18,19,7,13,15,21],[],[],[],[]],"cost": 286,
"time": 10.2494
}{
"iteration": 12500,"routes": [[10,8,16,4,17,9,20,5,14,2,12,11,3,6,18,19,7,13,15,21],[],[],[],[]],"cost": 286,
"time": 10.7245
}{
"iteration": 13000,"routes": [[10,8,16,4,17,9,20,5,14,2,12,11,3,6,18,19,7,13,15,21],[],[],[],[]],"cost": 286,
"time": 11.0673
}{
"iteration": 13500,"routes": [[10,8,16,4,17,9,20,5,14,2,12,11,3,6,18,19,7,13,15,21],[],[],[],[]],"cost": 286,
"time": 11.4215
}{
"iteration": 14000,"routes": [[10,8,16,4,17,9,20,5,14,2,12,11,3,6,18,19,7,13,15,21],[],[],[],[]],"cost": 286,
"time": 11.7796
}{
"iteration": 14500,"routes": [[10,8,16,4,17,9,20,5,14,2,12,11,3,6,18,19,7,13,15,21],[],[],[],[]],"cost": 286,
"time": 12.1434
}{
"iteration": 15000,"routes": [[10,8,16,4,17,9,20,5,14,2,12,11,3,6,18,19,7,13,15,21],[],[],[],[]],"cost": 286,
"time": 12.5337
}{
"iteration": 15500,"routes": [[10,8,16,4,17,9,20,5,14,2,12,11,3,6,18,19,7,13,15,21],[],[],[],[]],"cost": 286,
"time": 12.8923
}{
"iteration": 16000,"routes": [[10,8,16,4,17,9,20,5,14,2,12,11,3,6,18,19,7,13,15,21],[],[],[],[]],"cost": 286,
"time": 13.249
}{
"iteration": 16500,"routes": [[10,8,16,4,17,9,20,5,14,2,12,11,3,6,18,19,7,13,15,21],[],[],[],[]],"cost": 286,
"time": 13.6287
}{
"iteration": 17000,"routes": [[10,8,16,4,17,9,20,5,14,2,12,11,3,6,18,19,7,13,15,21],[],[],[],[]],"cost": 286,
"time": 14.1027
}{
"iteration": 17500,"routes": [[10,8,16,4,17,9,20,5,14,2,12,11,3,6,18,19,7,13,15,21],[],[],[],[]],"cost": 286,
"time": 14.4829
}{
"iteration": 18000,"routes": [[10,8,16,4,17,9,20,5,14,2,12,11,3,6,18,19,7,13,15,21],[],[],[],[]],"cost": 286,
"time": 14.8439
}{
"iteration": 18500,"routes": [[10,8,16,4,17,9,20,5,14,2,12,11,3,6,18,19,7,13,15,21],[],[],[],[]],"cost": 286,
"time": 15.2109
}{
"iteration": 19000,"routes": [[10,8,16,4,17,9,20,5,14,2,12,11,3,6,18,19,7,13,15,21],[],[],[],[]],"cost": 286,
"time": 15.5681
}{
"iteration": 19500,"routes": [[10,8,16,4,17,9,20,5,14,2,12,11,3,6,18,19,7,13,15,21],[],[],[],[]],"cost": 286,
"time": 15.9678
}{
"iteration": -1,"routes": [[10,8,16,4,17,9,20,5,14,2,12,11,3,6,18,19,7,13,15,21],[],[],[],[]],"cost": 286,
"time": 16.327
}